id,first_name,last_name,email,gender,ip_address
1,King,Gravet,kgravet0@ebay.com,Male,216.63.105.28
2,Worth,Brymner,wbrymner1@jugem.jp,Male,3.184.184.227
3,Lettie,Lovegrove,llovegrove2@baidu.com,Female,20.68.110.33
4,Brendis,Aldwinckle,baldwinckle3@noaa.gov,Male,165.149.3.141
5,Lind,Fick,lfick4@networksolutions.com,Male,45.118.111.226
6,Bree,Birtle,bbirtle5@wikimedia.org,Agender,127.69.209.216
7,Isaac,Travis,itravis6@moonfruit.com,Male,37.101.199.43
8,Ainslee,Watkiss,awatkiss7@cyberchimps.com,Female,249.128.104.222
9,Rudolf,Dosdell,rdosdell8@oracle.com,Male,80.249.140.91
10,Bob,Nassy,bnassy9@typepad.com,Male,154.78.79.232
11,Kingsley,MacKinnon,kmackinnona@bing.com,Male,191.171.72.27
12,Westleigh,Brennan,wbrennanb@patch.com,Male,157.169.220.14
13,Wendi,Baughen,wbaughenc@cnbc.com,Female,205.225.2.115
14,Emylee,Uff,euffd@woothemes.com,Female,16.19.108.208
15,Frederic,Hallam,fhallame@miitbeian.gov.cn,Male,26.109.176.177
16,Amandy,Blucher,ablucherf@dailymotion.com,Female,26.52.6.110
17,Lemmie,Rochford,lrochfordg@tumblr.com,Male,140.5.18.93
18,Nicolina,Middlemiss,nmiddlemissh@networkadvertising.org,Female,214.131.128.9
19,Major,Gobell,mgobelli@arstechnica.com,Male,31.120.151.203
20,Byran,Hamerton,bhamertonj@unicef.org,Male,248.12.137.19
21,Carine,Oager,coagerk@nifty.com,Female,178.40.28.70
22,Norbert,Schwander,nschwanderl@washington.edu,Male,170.159.253.122
23,Evaleen,Ibbetson,eibbetsonm@alibaba.com,Female,35.107.125.80
24,Klarika,Reeders,kreedersn@tiny.cc,Female,126.239.214.152
25,Sandye,Gilardone,sgilardoneo@godaddy.com,Female,252.191.154.41
26,Andeee,McKeran,amckeranp@walmart.com,Female,252.130.95.18
27,Donal,Shoesmith,dshoesmithq@goo.ne.jp,Male,216.101.13.210
28,Farra,Leaves,fleavesr@bbb.org,Female,166.225.61.90
29,Hugibert,Lanchbery,hlanchberys@sun.com,Male,124.93.73.123
30,Darice,Sibbert,dsibbertt@desdev.cn,Female,110.220.182.210
31,Willi,Laban,wlabanu@newsvine.com,Male,217.32.131.178
32,Chad,Brisco,cbriscov@pen.io,Female,212.83.104.164
33,Annadiana,Klima,aklimaw@vkontakte.ru,Genderfluid,88.78.208.121
34,Andy,Phlippsen,aphlippsenx@livejournal.com,Genderfluid,44.217.143.245
35,Washington,Standbrooke,wstandbrookey@spiegel.de,Bigender,53.63.8.82
36,Corenda,Sarfati,csarfatiz@csmonitor.com,Female,27.42.37.162
37,Janot,Carbry,jcarbry10@pcworld.com,Bigender,13.224.192.137
38,Waring,Reinbach,wreinbach11@examiner.com,Male,251.133.134.240
39,Haily,Pancast,hpancast12@webnode.com,Male,196.184.223.173
40,Lorelei,Jorio,ljorio13@ehow.com,Female,27.37.66.169
41,Elwood,Truluck,etruluck14@engadget.com,Male,216.103.31.169
42,Editha,Freear,efreear15@msn.com,Female,150.241.135.226
43,Inge,Ommundsen,iommundsen16@ovh.net,Female,76.93.247.190
44,Renelle,Dacey,rdacey17@goo.gl,Female,195.252.247.33
45,Rowney,Beevor,rbeevor18@addtoany.com,Male,22.31.226.137
46,Rowe,Gheeorghie,rgheeorghie19@gravatar.com,Female,154.43.81.173
47,Hilary,Hartfleet,hhartfleet1a@amazonaws.com,Female,173.99.169.199
48,Eddie,Measey,emeasey1b@free.fr,Male,107.193.124.84
49,Averil,Rieger,arieger1c@altervista.org,Male,1.85.206.87
50,Salome,Kyndred,skyndred1d@harvard.edu,Polygender,33.49.180.110
51,Anestassia,Vettore,avettore1e@princeton.edu,Female,144.35.140.95
52,Clim,Martinson,cmartinson1f@cargocollective.com,Male,122.44.183.235
53,Mickie,Dunmuir,mdunmuir1g@paginegialle.it,Male,56.149.218.216
54,Benedikta,Pizey,bpizey1h@myspace.com,Female,10.202.165.253
55,Terrel,Pickover,tpickover1i@nih.gov,Male,115.8.92.65
56,Lew,Kersey,lkersey1j@nymag.com,Male,19.97.171.42
57,Gertie,Wrigley,gwrigley1k@senate.gov,Female,47.46.38.220
58,Ferdy,Elsip,felsip1l@usgs.gov,Male,83.171.18.76
59,Domenico,Winstanley,dwinstanley1m@quantcast.com,Male,100.88.74.99
60,Cleavland,Gavozzi,cgavozzi1n@google.com.hk,Male,65.107.184.238
61,Dorotea,Iles,diles1o@cisco.com,Female,244.34.89.183
62,Shepard,Hayfield,shayfield1p@reference.com,Male,127.32.108.2
63,Garold,McFayden,gmcfayden1q@bbc.co.uk,Male,122.60.214.62
64,Carrol,Carratt,ccarratt1r@blogger.com,Male,251.62.207.109
65,Antonia,Harnor,aharnor1s@reuters.com,Female,38.179.241.142
66,Worden,Brammall,wbrammall1t@histats.com,Male,88.214.118.141
67,Sibylla,Naismith,snaismith1u@creativecommons.org,Female,212.20.14.143
68,Helenka,Sibthorpe,hsibthorpe1v@goo.ne.jp,Female,114.171.86.138
69,Lloyd,Frankton,lfrankton1w@theatlantic.com,apache,248.81.189.27
70,Alica,Lisciardelli,alisciardelli1x@domainmarket.com,Female,202.101.97.23
71,Norbie,Trodden,ntrodden1y@wiley.com,Male,29.183.156.126
72,Eydie,Folomkin,efolomkin1z@reuters.com,Polygender,252.238.106.239
73,Gui,Frankiewicz,gfrankiewicz20@webmd.com,Female,98.159.146.112
74,Michaella,Bundock,mbundock21@google.com.au,Female,138.19.155.19
75,Guido,Kencott,gkencott22@163.com,Male,75.169.109.179
76,Chico,Caesmans,ccaesmans23@blogtalkradio.com,Male,10.123.248.56
77,Andris,Woolley,awoolley24@wunderground.com,Male,132.80.99.18
78,Marlow,Blaxall,mblaxall25@histats.com,Male,196.178.109.168
79,Conn,Tarney,ctarney26@fc2.com,Male,218.131.224.61
80,Courtnay,Petrashov,cpetrashov27@geocities.jp,Female,226.31.231.227
81,Pincas,Dyott,pdyott28@dmoz.org,Male,115.55.134.31
82,Cecilius,Kleuer,ckleuer29@reference.com,Male,228.131.49.140
83,Nero,Berston,nberston2a@indiatimes.com,Male,20.165.79.116
84,Jo ann,Eyles,jeyles2b@soundcloud.com,Female,179.33.141.142
85,Waldemar,Cowx,wcowx2c@discuz.net,Male,193.159.14.104
86,Korella,Devers,kdevers2d@elegantthemes.com,Female,201.33.47.138
87,Brittani,Guyver,bguyver2e@sogou.com,Female,60.232.47.144
88,Shelton,Ricciardiello,sricciardiello2f@squidoo.com,Male,136.192.49.193
89,Klement,Tollit,ktollit2g@europa.eu,Male,225.126.122.167
90,Maximilianus,Dies,mdies2h@nhs.uk,Male,182.126.183.25
91,Lyndsay,Giuron,lgiuron2i@nytimes.com,Agender,174.21.226.124
92,Irv,Rawlin,irawlin2j@utexas.edu,Male,185.249.134.1
93,Dianna,Wakley,dwakley2k@usda.gov,Female,229.10.202.10
94,Renard,Frude,rfrude2l@163.com,Male,137.223.26.194
95,Chev,Henrie,chenrie2m@nps.gov,Male,163.180.117.255
96,Dylan,Januszkiewicz,djanuszkiewicz2n@opera.com,Male,145.111.87.200
97,Merell,Bride,mbride2o@canalblog.com,Male,94.101.172.46
98,Rowe,Plascott,rplascott2p@sitemeter.com,muu,78.103.125.124
99,Gus,Shrieves,gshrieves2q@51.la,Female,144.51.126.122
100,Bernardo,Vipan,bvipan2r@bloglines.com,Male,153.11.102.63
101,Son,Broadis,sbroadis2s@senate.gov,Male,64.115.190.87
102,Magdalena,Ledgerton,mledgerton2t@washingtonpost.com,apache,66.91.143.85
103,Thorin,Rigge,trigge2u@cbc.ca,Male,215.22.34.0
104,Barbara-anne,Evison,bevison2v@moonfruit.com,Non-binary,243.78.86.181
105,Quincey,Morit,qmorit2w@instagram.com,Male,215.53.107.56
106,Basilio,Maytom,bmaytom2x@joomla.org,Male,173.241.208.15
107,Maggie,Nolin,mnolin2y@ihg.com,Bigender,201.157.148.179
108,Corinna,Aldrin,caldrin2z@csmonitor.com,Female,155.173.234.187
109,Corney,Mulhall,cmulhall30@google.ca,Male,95.215.107.247
110,Dionysus,Sahlstrom,dsahlstrom31@soundcloud.com,Male,69.129.246.223
111,Marinna,Jinkinson,mjinkinson32@bluehost.com,Female,137.240.179.250
112,Danila,Philpot,dphilpot33@yale.edu,Female,167.154.246.247
113,Clywd,Barrott,cbarrott34@wp.com,Male,9.27.181.186
114,Maris,Attenbrough,mattenbrough35@exblog.jp,Female,86.29.151.24
115,Sadella,John,sjohn36@cloudflare.com,Female,238.254.136.220
116,Wynny,By,wby37@auda.org.au,Female,45.9.150.215
117,Bettine,Adnet,badnet38@answers.com,Female,183.86.51.44
118,Sid,Florez,sflorez39@prlog.org,Male,56.29.191.178
119,Devan,Langdale,dlangdale3a@amazon.co.uk,Female,82.202.51.1
120,Griz,MacCoveney,gmaccoveney3b@qq.com,Male,190.6.232.240
121,Agace,Bugg,abugg3c@goo.ne.jp,Female,217.97.138.62
122,Shermy,Mucklestone,smucklestone3d@nba.com,Non-binary,114.181.189.41
123,Ernie,Wanden,ewanden3e@yellowbook.com,Male,7.29.73.40
124,Eustace,Crossgrove,ecrossgrove3f@mozilla.org,Polygender,190.154.9.182
125,Krishnah,Monaghan,kmonaghan3g@tripadvisor.com,Male,64.27.17.100
126,Ban,Craigmile,bcraigmile3h@macromedia.com,Male,184.166.70.142
127,Leslie,Wyndham,lwyndham3i@zdnet.com,Genderqueer,5.191.140.159
128,Halley,Echalier,hechalier3j@techcrunch.com,Female,164.131.20.232
129,Maurise,Van Zon,mvanzon3k@economist.com,Female,161.142.106.66
130,Evvie,Jewess,ejewess3l@rakuten.co.jp,Genderqueer,46.155.142.136
131,Parke,Maier,pmaier3m@mail.ru,Male,193.118.250.48
132,Robinetta,Gason,rgason3n@barnesandnoble.com,Female,241.15.192.146
133,Cati,Aronoff,caronoff3o@archive.org,Female,42.4.7.210
134,Roseline,Cohen,rcohen3p@moonfruit.com,Genderfluid,246.240.245.44
135,Darrel,Binion,dbinion3q@fc2.com,Male,102.231.110.22
136,Anastassia,Gatesman,agatesman3r@tiny.cc,Female,68.214.48.204
137,Halli,Mansbridge,hmansbridge3s@fc2.com,Female,152.95.115.132
138,Morrie,Wilkins,mwilkins3t@java.com,Male,200.0.55.20
139,Albie,Parke,aparke3u@seesaa.net,Male,168.195.144.98
140,Russell,Audibert,raudibert3v@symantec.com,Male,72.245.21.38
141,Doralynne,Hounson,dhounson3w@foxnews.com,Female,254.75.160.57
142,Stephannie,Shama,sshama3x@typepad.com,Female,27.194.246.242
143,Vittorio,Johnigan,vjohnigan3y@slate.com,Male,249.165.154.21
144,Rosetta,Dougal,rdougal3z@cisco.com,Female,139.226.205.24
145,Sadye,Bodycomb,sbodycomb40@salon.com,Female,95.89.251.56
146,Koralle,Larenson,klarenson41@fotki.com,Female,65.163.215.172
147,Kennett,Brasted,kbrasted42@foxnews.com,Male,65.105.114.146
148,Catherine,Tousey,ctousey43@diigo.com,Female,55.176.37.228
149,Oby,Worland,oworland44@ebay.com,Male,239.73.119.222
150,Valentine,Pichmann,vpichmann45@usda.gov,Male,136.60.45.200
151,Elladine,Fusedale,efusedale46@moonfruit.com,Female,244.50.67.63
152,Bartholomeus,Kleinber,bkleinber47@eventbrite.com,Male,54.195.135.62
153,Doralyn,Kinnin,dkinnin48@jugem.jp,Female,90.50.111.146
154,Lizbeth,Scawen,lscawen49@shutterfly.com,Female,237.146.61.27
155,Skippy,Chatelain,schatelain4a@globo.com,Male,213.87.198.175
156,Bertrando,Wortt,bwortt4b@wsj.com,Male,113.8.43.245
157,Marion,Sedgemore,msedgemore4c@booking.com,Female,245.75.132.75
158,Anton,Clemont,aclemont4d@abc.net.au,Bigender,75.34.208.250
159,Emmey,Feek,efeek4e@about.me,Female,192.18.192.190
160,Charisse,Covert,ccovert4f@fotki.com,Female,58.165.229.49
161,Templeton,Hastler,thastler4g@biblegateway.com,Male,52.237.48.233
162,Jae,Di Francecshi,jdifrancecshi4h@dell.com,Male,135.78.135.137
163,Chad,Andress,candress4i@theguardian.com,Male,87.139.78.213
164,Roscoe,Skoof,rskoof4j@unc.edu,Male,71.105.149.166
165,Sharleen,Skule,sskule4k@w3.org,Female,221.52.136.230
166,Coralie,Dawidowitz,cdawidowitz4l@boston.com,Bigender,92.181.35.219
167,Belvia,Wrangle,bwrangle4m@github.io,Female,164.75.30.184
168,Onfre,Riha,oriha4n@businesswire.com,Male,191.114.31.56
169,Kristy,Crichmere,kcrichmere4o@comcast.net,Female,66.6.4.188
170,Beaufort,Beynkn,bbeynkn4p@reverbnation.com,Male,146.173.213.182
171,Ingamar,Goodwill,igoodwill4q@imdb.com,Male,180.200.230.211
172,Carolin,Alleburton,calleburton4r@merriam-webster.com,Female,113.96.193.206
173,Javier,Smewin,jsmewin4s@harvard.edu,Male,17.192.205.58
174,Henrieta,Dutchburn,hdutchburn4t@lulu.com,Female,214.121.47.199
175,Bethany,Pendered,bpendered4u@gizmodo.com,Female,175.38.33.119
176,Allis,Djurkovic,adjurkovic4v@zdnet.com,Female,40.38.4.30
177,Ferris,Byham,fbyham4w@economist.com,Male,82.34.149.30
178,Marje,Headon,mheadon4x@reddit.com,Female,184.107.151.225
179,Kassie,Bogeys,kbogeys4y@sciencedirect.com,Non-binary,64.183.101.11
180,Phillipe,Piechnik,ppiechnik4z@scribd.com,Male,136.175.214.251
181,Norry,Eastby,neastby50@berkeley.edu,Male,150.246.126.230
182,Benton,Smallpeace,bsmallpeace51@theatlantic.com,Male,247.178.39.11
183,Andrew,Leguey,aleguey52@vimeo.com,Male,195.252.247.75
184,Enid,McClintock,emcclintock53@cisco.com,Female,147.25.162.147
185,Karil,Bassingden,kbassingden54@bandcamp.com,Female,241.97.120.160
186,Meredeth,Aires,maires55@flickr.com,Male,106.190.81.167
187,Marmaduke,Calverd,mcalverd56@lycos.com,Male,217.183.171.117
188,Cecile,Odcroft,codcroft57@example.com,Female,25.174.233.19
189,Michel,Youngman,myoungman58@time.com,Male,127.32.147.117
190,Harlan,Mildmott,hmildmott59@mozilla.com,Male,162.168.224.79
191,Mordy,Yon,myon5a@economist.com,Male,254.118.64.187
192,Rod,O' Cuolahan,rocuolahan5b@yelp.com,Non-binary,10.0.103.138
193,Jamey,Purton,jpurton5c@icq.com,Male,182.13.80.98
194,Morly,Colomb,mcolomb5d@xrea.com,Male,24.120.62.219
195,Tally,Yorath,tyorath5e@pbs.org,Polygender,20.107.150.165
196,Hanna,Scollard,hscollard5f@nydailynews.com,Female,145.187.209.133
197,Shaylah,Gherarducci,sgherarducci5g@nih.gov,Female,160.125.76.161
198,Talbert,Brundall,tbrundall5h@youku.com,Male,149.153.179.212
199,Cherri,Jeffry,cjeffry5i@geocities.com,Female,59.16.224.36
200,Pris,Huggins,phuggins5j@tmall.com,Female,219.41.128.158
201,Cahra,Nolder,cnolder5k@163.com,Female,177.161.29.211
202,Aurore,Gregoletti,agregoletti5l@amazon.de,Genderqueer,83.23.50.190
203,Nadine,Hattoe,nhattoe5m@com.com,Female,111.187.7.31
204,Pierrette,Orneles,porneles5n@blog.com,Female,22.212.9.30
205,Constantin,Cowlin,ccowlin5o@example.com,Male,212.106.51.196
206,Alejandra,Dust,adust5p@taobao.com,Female,21.58.208.195
207,Win,Laughlin,wlaughlin5q@opera.com,Male,104.138.48.102
208,Peterus,Matyas,pmatyas5r@hp.com,Male,48.152.15.198
209,Ilene,Purviss,ipurviss5s@google.com.au,Female,174.56.117.13
210,Annabell,Davidescu,adavidescu5t@mlb.com,Female,91.67.33.70
211,Abagael,Gleadhall,agleadhall5u@vimeo.com,Female,223.101.19.27
212,Donna,Paget,dpaget5v@topsy.com,Female,94.98.82.94
213,Gwendolyn,Tregiddo,gtregiddo5w@mozilla.org,Female,129.193.134.147
214,Joya,Becket,jbecket5x@ftc.gov,Genderfluid,12.31.100.83
215,Demetre,Alker,dalker5y@wikipedia.org,Male,83.77.224.162
216,Devina,Adamson,dadamson5z@mozilla.com,Female,104.172.155.184
217,Decca,Gerssam,dgerssam60@vinaora.com,Male,235.184.215.1
218,Avictor,Thorp,athorp61@yellowpages.com,Male,183.111.82.26
219,Didi,Markos,dmarkos62@illinois.edu,Female,39.248.190.14
220,Blane,Doornbos,bdoornbos63@unblog.fr,Male,148.52.37.126
221,Phillipp,Pagnin,ppagnin64@yolasite.com,Male,125.128.6.1
222,Sherm,Gout,sgout65@bloomberg.com,Male,54.224.239.239
223,Kyle,Wrates,kwrates66@surveymonkey.com,Male,157.92.145.25
224,Neda,Sangra,nsangra67@utexas.edu,Female,30.38.46.170
225,Michel,Igglesden,migglesden68@wordpress.com,Female,162.33.173.230
226,Eddi,Cisland,ecisland69@scribd.com,Female,20.15.57.48
227,Tanner,Petch,tpetch6a@goo.gl,Male,92.76.237.176
228,Michele,Drei,mdrei6b@earthlink.net,Female,119.59.77.62
229,Mac,Spensley,mspensley6c@weibo.com,Male,251.222.1.120
230,Gradey,Eastway,geastway6d@over-blog.com,Male,88.241.206.73
231,Cortney,Houlahan,choulahan6e@guardian.co.uk,Female,166.206.115.103
232,Ingaberg,McCafferky,imccafferky6f@salon.com,Female,168.77.248.243
233,Rockwell,Flaherty,rflaherty6g@usgs.gov,Genderfluid,93.122.2.243
234,Pepe,Keward,pkeward6h@bloglovin.com,Male,16.51.216.12
235,Ashla,Crinion,acrinion6i@webeden.co.uk,Female,101.155.20.93
236,Seka,Hearnshaw,shearnshaw6j@dropbox.com,Female,103.49.210.248
237,Job,Gillett,jgillett6k@photobucket.com,Male,3.124.59.252
238,Konstance,Penhall,kpenhall6l@google.nl,Female,194.178.222.180
239,Egon,Swinfon,eswinfon6m@weebly.com,Male,105.15.93.58
240,Edee,Sentinella,esentinella6n@umn.edu,Female,182.28.103.147
241,Teresina,McTaggart,tmctaggart6o@addtoany.com,Female,8.58.4.77
242,Rodi,Nairn,rnairn6p@techcrunch.com,Female,115.138.8.60
243,Everard,Lefeaver,elefeaver6q@deliciousdays.com,Male,49.20.132.122
244,Karry,Membry,kmembry6r@behance.net,Female,129.37.81.172
245,Emmalee,Huby,ehuby6s@histats.com,Female,234.112.189.203
246,Ericka,McAlpine,emcalpine6t@booking.com,Female,129.94.104.111
247,Tommy,Feltham,tfeltham6u@tripod.com,Male,40.88.175.80
248,Ursuline,Pulsford,upulsford6v@wikipedia.org,Female,22.7.10.133
249,Emanuele,Synder,esynder6w@yellowbook.com,Male,61.72.44.46
250,Mariska,Boulder,mboulder6x@dailymail.co.uk,Female,183.164.229.37
251,Gale,Addis,gaddis6y@businessweek.com,Male,171.27.138.92
252,Candida,Durrant,cdurrant6z@w3.org,Female,123.1.122.138
253,Claudelle,Pavlenkov,cpavlenkov70@hhs.gov,Genderfluid,166.175.185.62
254,Rosetta,Breitling,rbreitling71@tamu.edu,Female,121.54.75.53
255,Frank,Jerrolt,fjerrolt72@uiuc.edu,Female,120.141.85.173
256,Brennen,Ledward,bledward73@statcounter.com,Male,195.20.114.126
257,Aggi,Gazzard,agazzard74@studiopress.com,Female,188.92.208.119
258,Andy,Truin,atruin75@com.com,Female,88.187.64.223
259,Silvain,Calder,scalder76@kickstarter.com,Male,46.103.39.113
260,Marina,Dumper,mdumper77@mit.edu,Genderfluid,6.246.17.141
261,Magdalen,Macias,mmacias78@flavors.me,Female,7.20.203.238
262,Ximenes,MacMenamy,xmacmenamy79@comcast.net,Male,95.88.168.97
263,Jessy,Reinbach,jreinbach7a@clickbank.net,Female,223.0.93.130
264,Barny,Bilofsky,bbilofsky7b@yellowpages.com,Male,236.192.103.13
265,Austin,Wonfor,awonfor7c@nasa.gov,Male,147.128.94.211
266,Curt,MacGettigen,cmacgettigen7d@cdc.gov,Male,232.22.60.36
267,Kilian,Benedetti,kbenedetti7e@rakuten.co.jp,Male,18.201.184.157
268,Lesya,Fairpo,lfairpo7f@newyorker.com,Female,193.66.177.220
269,Mohandas,Fowler,mfowler7g@icq.com,Polygender,6.211.99.123
270,Worthington,Benck,wbenck7h@alexa.com,Male,33.153.56.131
271,Gardner,Dunford,gdunford7i@newsvine.com,Male,187.24.108.165
272,Melli,Straker,mstraker7j@weebly.com,Female,133.162.185.215
273,Mario,Fillery,mfillery7k@go.com,Polygender,180.234.91.240
274,Starlene,Doddemeade,sdoddemeade7l@aol.com,Female,72.97.225.77
275,Brittan,Head,bhead7m@123-reg.co.uk,Non-binary,108.187.223.124
276,Mersey,Hounsome,mhounsome7n@arstechnica.com,Female,214.229.227.192
277,Vanda,Stirrup,vstirrup7o@shinystat.com,Female,254.187.7.50
278,Ingram,Grieveson,igrieveson7p@163.com,Male,103.134.223.80
279,Gustaf,Lathee,glathee7q@hexun.com,Male,218.116.60.245
280,Beret,Durrell,bdurrell7r@cnet.com,Female,202.81.59.15
281,Twyla,Domenico,tdomenico7s@ifeng.com,Female,215.137.8.9
282,Wit,Collumbell,wcollumbell7t@blogger.com,Male,181.99.208.46
283,Marigold,Rathjen,mrathjen7u@xing.com,Female,195.61.209.50
284,Kim,Hegerty,khegerty7v@amazon.co.jp,Female,188.45.240.238
285,Vachel,Wimpenny,vwimpenny7w@imdb.com,Male,154.233.131.3
286,Solly,Payley,spayley7x@wordpress.com,Male,197.218.58.114
287,Camel,McWhan,cmcwhan7y@who.int,Female,161.73.49.145
288,Darlleen,Dur,ddur7z@theglobeandmail.com,Female,227.142.185.68
289,Evelina,Hutton,ehutton80@tumblr.com,Genderfluid,154.121.191.104
290,Hailee,Adamides,hadamides81@hatena.ne.jp,Female,38.152.138.30
291,Karolina,Alejandre,kalejandre82@webmd.com,Female,118.176.255.193
292,Sollie,Schwartz,sschwartz83@tiny.cc,Male,50.41.120.146
293,Bank,Gabbat,bgabbat84@github.io,Male,240.167.34.100
294,Nestor,Alexsandrowicz,nalexsandrowicz85@ebay.com,Male,46.250.109.22
295,Berny,Ricards,bricards86@about.com,Female,159.146.8.250
296,Basile,Rickson,brickson87@acquirethisname.com,Male,217.231.124.100
297,Claudius,Huguenet,chuguenet88@eepurl.com,Male,167.93.163.179
298,Reuven,Lidgerton,rlidgerton89@virginia.edu,Male,170.204.41.134
299,Obie,Hector,ohector8a@ifeng.com,Male,69.34.52.204
300,Priscella,Harget,pharget8b@vk.com,Female,43.88.158.146
301,Alexia,Mabbitt,amabbitt8c@latimes.com,Female,143.161.204.114
302,Zora,Reihm,zreihm8d@eepurl.com,Female,116.126.171.52
303,Lissa,Vella,lvella8e@pinterest.com,Female,215.117.74.123
304,Law,Andrichuk,landrichuk8f@adobe.com,Male,248.206.251.254
305,Fields,Hefferan,fhefferan8g@joomla.org,Male,250.86.163.136
306,Spike,Moodie,smoodie8h@abc.net.au,Male,147.139.45.25
307,Guss,Mishow,gmishow8i@feedburner.com,Male,76.122.82.74
308,Alfons,Beevor,abeevor8j@statcounter.com,Male,175.201.207.218
309,Alisa,Atrill,aatrill8k@networksolutions.com,Female,171.246.51.245
310,Win,Darnbrook,wdarnbrook8l@un.org,Male,42.218.133.59
311,Lauralee,Margett,lmargett8m@arstechnica.com,Female,173.141.42.130
312,Amity,Auletta,aauletta8n@paginegialle.it,Female,139.212.120.14
313,Jacky,Havoc,jhavoc8o@de.vu,Male,29.26.184.67
314,Townie,Pryce,tpryce8p@theguardian.com,Male,75.15.185.229
315,Tanny,Scotchmoor,tscotchmoor8q@uol.com.br,Male,104.140.135.193
316,Ginnifer,Libbie,glibbie8r@ox.ac.uk,Agender,27.212.125.15
317,Brok,Lusgdin,blusgdin8s@twitter.com,Male,151.68.8.183
318,Alasteir,Poulden,apoulden8t@alibaba.com,Male,180.193.15.113
319,Di,Ralling,dralling8u@utexas.edu,Female,183.93.126.220
320,Tanya,Coping,tcoping8v@desdev.cn,Female,231.57.170.244
321,Steve,Pelos,spelos8w@springer.com,Male,159.151.95.241
322,Constantina,Pren,cpren8x@eepurl.com,Female,199.88.50.212
323,Rubie,Dando,rdando8y@discuz.net,Female,104.85.229.67
324,Romona,Walstow,rwalstow8z@fda.gov,Genderfluid,182.123.155.62
325,Kale,Idle,kidle90@google.nl,Male,62.149.85.66
326,Irene,Abrahamovitz,iabrahamovitz91@aol.com,Female,251.1.212.213
327,Bondon,Awcock,bawcock92@163.com,Male,154.233.157.227
328,Danyelle,Lyford,dlyford93@businessweek.com,Female,7.6.173.188
329,Bernardo,Lindsley,blindsley94@elpais.com,Male,106.226.59.246
330,Gale,Lestor,glestor95@ow.ly,Female,27.249.129.14
331,Orbadiah,Sellick,osellick96@google.com.hk,Male,139.173.3.155
332,Ilaire,Goodday,igoodday97@indiegogo.com,Male,211.112.46.139
333,Field,Sendley,fsendley98@squarespace.com,Male,126.73.96.135
334,Lolita,Bicknell,lbicknell99@cpanel.net,Female,133.141.100.181
335,Bridgette,Mignot,bmignot9a@go.com,Female,26.121.145.250
336,Ferd,Thurlbourne,fthurlbourne9b@omniture.com,Male,97.23.145.225
337,Lambert,Malbon,lmalbon9c@artisteer.com,Male,82.237.64.239
338,Zak,Wemyss,zwemyss9d@etsy.com,Male,111.48.173.147
339,Alasdair,Haliburn,ahaliburn9e@livejournal.com,Male,162.154.245.30
340,Seka,Dreier,sdreier9f@cisco.com,Female,218.202.129.152
341,Stevena,Donwell,sdonwell9g@hao123.com,Female,33.156.172.92
342,Ruy,Greenless,rgreenless9h@google.pl,Male,175.42.201.170
343,Juli,Pickering,jpickering9i@amazonaws.com,Female,89.55.64.138
344,Bo,Orridge,borridge9j@omniture.com,Male,14.19.58.92
345,Marys,McGilben,mmcgilben9k@sbwire.com,Female,212.38.108.52
346,Ashby,Plues,aplues9l@pagesperso-orange.fr,Male,58.210.211.236
347,Danya,Josefsen,djosefsen9m@wordpress.org,Male,197.60.254.126
348,Phillipp,Blaes,pblaes9n@amazon.co.jp,Male,199.225.137.107
349,Isa,Heiss,iheiss9o@techcrunch.com,Female,253.162.182.63
350,Denys,Chittey,dchittey9p@weebly.com,Male,163.14.102.150
351,Gilbertina,Grindrod,ggrindrod9q@timesonline.co.uk,Female,67.183.5.85
352,Pammy,Giberd,pgiberd9r@adobe.com,Female,97.38.225.139
353,Cynthie,Dibden,cdibden9s@angelfire.com,Female,146.154.133.53
354,Glennie,Stephen,gstephen9t@phpbb.com,Female,200.213.80.56
355,Jonathan,Tilsley,jtilsley9u@cisco.com,Male,22.6.66.147
356,Mari,Harlin,mharlin9v@about.com,Female,199.3.130.168
357,Elise,Sapena,esapena9w@uiuc.edu,Female,6.218.0.216
358,Pearce,Nunson,pnunson9x@yellowbook.com,Male,183.20.204.186
359,Zaria,Tonn,ztonn9y@discovery.com,Female,1.198.198.178
360,Anna,Tilston,atilston9z@desdev.cn,Female,201.155.165.201
361,Lolita,Zanre,lzanrea0@dyndns.org,Female,244.247.53.206
362,Brander,Gilphillan,bgilphillana1@pbs.org,Male,97.7.2.219
363,Pamella,Jentzsch,pjentzscha2@whitehouse.gov,Female,122.5.172.99
364,Evvy,Ogelbe,eogelbea3@house.gov,Female,211.40.107.40
365,Abbe,Aglione,aaglionea4@nih.gov,Genderqueer,167.212.30.3
366,Oona,Lowell,olowella5@blogspot.com,Female,180.34.87.165
367,Evangeline,Puleston,epulestona6@bloglovin.com,Female,116.249.128.88
368,Christian,Devonside,cdevonsidea7@elegantthemes.com,Non-binary,50.83.247.202
369,Barbette,Hoyle,bhoylea8@elegantthemes.com,Female,70.95.117.13
370,Alberto,Balducci,abalduccia9@tiny.cc,Male,250.109.72.153
371,Evelina,Mulchrone,emulchroneaa@nyu.edu,Female,146.186.209.20
372,Mercedes,Bisgrove,mbisgroveab@nature.com,Female,247.168.16.5
373,Genvieve,Tolcher,gtolcherac@loc.gov,Polygender,34.21.29.185
374,Mitchael,Ostick,mostickad@slate.com,Male,79.52.57.69
375,Riki,Davison,rdavisonae@uol.com.br,Female,58.193.211.62
376,Jamison,Bernardelli,jbernardelliaf@rambler.ru,Male,205.212.61.159
377,Linea,Rizon,lrizonag@jigsy.com,Female,202.50.191.81
378,Bethena,Croxon,bcroxonah@cornell.edu,Female,224.19.129.0
379,Normie,McCollum,nmccollumai@hugedomains.com,Male,17.233.176.102
380,Hana,Buckberry,hbuckberryaj@cbslocal.com,Female,197.139.98.134
381,Elisabet,Hinz,ehinzak@symantec.com,Female,25.107.46.3
382,Sande,Kirtlan,skirtlanal@guardian.co.uk,Female,12.106.10.31
383,Jacky,Leall,jleallam@w3.org,Female,133.22.94.42
384,Stacee,Gunningham,sgunninghaman@sphinn.com,Male,36.180.112.193
385,Malory,Merveille,mmerveilleao@amazon.de,Female,45.104.139.95
386,Aimee,Gasquoine,agasquoineap@cisco.com,Female,6.29.8.225
387,Fancie,Eliaz,feliazaq@timesonline.co.uk,Bigender,127.253.84.246
388,Jordanna,Gallear,jgallearar@hostgator.com,Female,222.30.101.17
389,Rudiger,Bonnefin,rbonnefinas@vk.com,Male,236.113.198.69
390,Roanne,McCutcheon,rmccutcheonat@mayoclinic.com,Female,96.243.236.134
391,Patrizius,Heliar,pheliarau@qq.com,Male,39.5.53.147
392,Dmitri,Alasdair,dalasdairav@ted.com,Male,132.233.0.28
393,Kore,Willacot,kwillacotaw@163.com,Female,65.52.4.100
394,Winona,Stansfield,wstansfieldax@exblog.jp,Female,92.120.249.56
395,Mitchael,Wildsmith,mwildsmithay@mozilla.com,Male,153.64.162.229
396,Alika,Gouthier,agouthieraz@linkedin.com,Female,195.217.3.1
397,Jena,Pepperrall,jpepperrallb0@google.com.br,Female,58.97.75.26
398,Madeline,Crust,mcrustb1@craigslist.org,Female,149.250.129.62
399,Dorisa,Symson,dsymsonb2@facebook.com,Female,20.83.200.41
400,Egor,Odney,eodneyb3@arizona.edu,Male,22.31.10.153
401,Maiga,Garforth,mgarforthb4@purevolume.com,Female,205.17.173.158
402,Randy,Garralts,rgarraltsb5@youku.com,Genderqueer,2.93.59.181
403,Sutherlan,Astill,sastillb6@ocn.ne.jp,Male,71.21.110.214
404,Griffie,Garfit,ggarfitb7@diigo.com,Male,155.183.197.180
405,Dorian,Westby,dwestbyb8@t.co,Male,71.125.173.178
406,Shawnee,Kilroy,skilroyb9@sogou.com,Female,44.30.60.159
407,Flint,Rudkin,frudkinba@technorati.com,Male,208.75.211.198
408,Brent,Lafay,blafaybb@myspace.com,Male,253.165.192.156
409,Tanya,Forstall,tforstallbc@berkeley.edu,Female,187.253.191.68
410,Amberly,Boik,aboikbd@angelfire.com,Female,168.186.130.246
411,Neil,Yetts,nyettsbe@google.ru,Male,63.163.188.0
412,Britney,Antonoczyk,bantonoczykbf@economist.com,Female,35.126.98.68
413,Deanne,Rope,dropebg@wp.com,Female,3.250.111.154
414,Roshelle,Ketts,rkettsbh@bloglovin.com,Female,192.17.148.88
415,Chris,Joskowitz,cjoskowitzbi@guardian.co.uk,Male,119.213.232.0
416,Nikola,Griffith,ngriffithbj@biblegateway.com,Male,166.226.46.36
417,Beckie,Bordes,bbordesbk@vimeo.com,Female,219.188.76.75
418,Germain,Cattle,gcattlebl@nifty.com,Male,120.50.195.55
419,Adria,Baskerfield,abaskerfieldbm@arizona.edu,Female,111.45.42.151
420,Ned,Yurivtsev,nyurivtsevbn@ibm.com,Male,135.242.233.109
421,Chrisy,Pennycord,cpennycordbo@yellowpages.com,Male,158.137.35.255
422,Briney,Klimko,bklimkobp@uiuc.edu,Female,189.172.85.34
423,Ryun,Stennings,rstenningsbq@etsy.com,Male,72.228.166.91
424,Babbie,Langstone,blangstonebr@java.com,Female,42.131.10.198
425,Silvester,Noirel,snoirelbs@techcrunch.com,Male,15.146.122.97
426,Denna,Farncomb,dfarncombbt@sciencedirect.com,Female,241.83.103.155
427,Gavan,Pfaffel,gpfaffelbu@illinois.edu,Male,28.186.31.202
428,Pauletta,Grunder,pgrunderbv@pbs.org,Female,140.48.226.251
429,Prue,Brookhouse,pbrookhousebw@nps.gov,Female,213.78.128.198
430,Regan,Vobes,rvobesbx@weibo.com,Female,81.240.238.141
431,Helena,Antonsson,hantonssonby@apple.com,Female,103.133.3.80
432,Nathanil,Brezlaw,nbrezlawbz@myspace.com,Male,75.153.155.101
433,Vidovic,Ardron,vardronc0@mozilla.org,Male,50.113.142.33
434,Dunc,Getsham,dgetshamc1@chicagotribune.com,Male,15.185.240.116
435,Jyoti,Gosson,jgossonc2@mozilla.com,Bigender,130.100.32.61
436,Cecilia,Buckam,cbuckamc3@dagondesign.com,Female,253.188.152.16
437,Blinnie,Feltham,bfelthamc4@globo.com,Female,63.52.97.78
438,Luciano,Malkin,lmalkinc5@army.mil,Male,127.250.79.86
439,Angelle,Mounch,amounchc6@aboutads.info,Female,30.14.116.94
440,Yurik,Gergolet,ygergoletc7@shutterfly.com,Bigender,130.134.195.201
441,Chery,Menilove,cmenilovec8@ocn.ne.jp,Female,72.120.22.60
442,Bili,Chessell,bchessellc9@woothemes.com,Female,92.27.93.5
443,Tori,Yesichev,tyesichevca@soup.io,Female,16.255.65.59
444,Sande,Weedall,sweedallcb@tinypic.com,Bigender,129.156.113.16
445,Errol,Janikowski,ejanikowskicc@paypal.com,Male,112.140.17.225
446,Archy,Ream,areamcd@1und1.de,Male,61.170.210.100
447,Charis,Burwell,cburwellce@xinhuanet.com,Female,243.36.153.40
448,Emmerich,Abramovitch,eabramovitchcf@senate.gov,Male,204.165.136.105
449,Anestassia,Gurnett,agurnettcg@xing.com,Female,124.40.182.150
450,Jenilee,Marlin,jmarlinch@nsw.gov.au,Female,2.75.57.234
451,Marika,Powers,mpowersci@wired.com,Female,255.100.185.100
452,Kirbie,Order,kordercj@blog.com,Female,93.243.87.178
453,Lanie,Phizakarley,lphizakarleyck@google.com.hk,Male,23.21.128.169
454,Norean,Maciaszek,nmaciaszekcl@time.com,Female,8.37.184.161
455,Adolphe,Heningham,aheninghamcm@booking.com,Male,27.171.156.242
456,Kizzie,Rodgman,krodgmancn@pcworld.com,Non-binary,173.85.155.9
457,Dieter,Pelman,dpelmanco@4shared.com,Male,78.40.71.148
458,Justine,Josipovitz,jjosipovitzcp@mozilla.org,Female,88.114.235.179
459,Bess,Handlin,bhandlincq@bloomberg.com,Female,36.2.127.180
460,Nicholle,Ayree,nayreecr@pinterest.com,Bigender,61.36.26.131
461,Marj,Bettaney,mbettaneycs@gov.uk,Female,28.187.204.111
462,Tobin,McBrady,tmcbradyct@toplist.cz,Male,71.164.41.77
463,Garrott,Wadge,gwadgecu@ocn.ne.jp,Male,183.224.74.230
464,Thorn,Carik,tcarikcv@feedburner.com,Bigender,183.63.94.84
465,Gaelan,Whaley,gwhaleycw@deviantart.com,Male,19.191.74.148
466,Emilee,Buddell,ebuddellcx@mlb.com,Female,46.21.192.153
467,Pierson,Heibel,pheibelcy@reverbnation.com,Male,189.49.192.83
468,Aluino,Di Bartolomeo,adibartolomeocz@lulu.com,Male,78.157.98.8
469,Dania,Gronous,dgronousd0@boston.com,Female,65.180.192.34
470,Hildagarde,Pettegree,hpettegreed1@tripod.com,Female,119.118.27.191
471,Roxy,Choules,rchoulesd2@mashable.com,Female,200.118.251.180
472,Willy,Fender,wfenderd3@addthis.com,Male,212.177.136.95
473,Pincus,Dudill,pdudilld4@patch.com,Male,47.184.196.13
474,Sutherland,Greenhowe,sgreenhowed5@homestead.com,Male,200.80.189.86
475,Elisa,Vercruysse,evercruyssed6@amazon.co.uk,Female,41.93.71.12
476,Livvie,Lewington,llewingtond7@hibu.com,Female,155.199.125.12
477,Gregorius,Pendre,gpendred8@newsvine.com,Non-binary,46.153.241.121
478,Sean,Magrane,smagraned9@ca.gov,Male,210.202.50.212
479,Ganny,Dauby,gdaubyda@yale.edu,Male,197.83.10.214
480,Irena,Deverock,ideverockdb@php.net,Female,123.41.119.124
481,Alis,Ellerker,aellerkerdc@github.com,Female,122.209.52.149
482,Beltran,Kobiela,bkobieladd@arizona.edu,Male,167.41.159.242
483,Mame,Batch,mbatchde@altervista.org,Female,239.172.48.110
484,Andros,Shiel,ashieldf@stumbleupon.com,Bigender,220.112.228.23
485,Godfree,Strooband,gstroobanddg@mac.com,Male,79.158.209.202
486,Roshelle,Cardew,rcardewdh@springer.com,Female,109.53.136.63
487,Lucais,Longfellow,llongfellowdi@tiny.cc,Male,250.88.227.19
488,Tobey,Lumsdaine,tlumsdainedj@parallels.com,Female,56.213.159.37
489,Sammy,Dwerryhouse,sdwerryhousedk@java.com,Female,252.105.65.96
490,Giffard,Putson,gputsondl@163.com,Genderqueer,131.250.99.157
491,Jedidiah,Archbutt,jarchbuttdm@booking.com,Male,25.114.243.183
492,Christen,Franzonello,cfranzonellodn@live.com,Female,160.47.89.55
493,Aggie,Tong,atongdo@domainmarket.com,Female,54.253.58.221
494,Andris,Danneil,adanneildp@pinterest.com,Non-binary,10.95.114.134
495,Loralie,Boldra,lboldradq@bbb.org,Female,186.105.211.255
496,Richy,Tonks,rtonksdr@joomla.org,Genderqueer,21.88.107.157
497,Ravi,Gartan,rgartands@ucla.edu,Male,235.240.224.215
498,Merrick,Pevreal,mpevrealdt@sfgate.com,Male,131.235.140.224
499,Miles,Harlett,mharlettdu@dailymail.co.uk,Male,174.168.61.239
500,Nessy,Tym,ntymdv@twitter.com,Female,149.95.101.163
501,Brendan,Baldocci,bbaldoccidw@washingtonpost.com,Male,141.175.151.103
502,Aili,Bloan,abloandx@clickbank.net,Female,227.143.250.102
503,Schuyler,Gerrett,sgerrettdy@ox.ac.uk,Genderfluid,3.250.225.187
504,Katuscha,Ashburne,kashburnedz@xinhuanet.com,Female,40.94.185.109
505,Ardyce,Barwise,abarwisee0@odnoklassniki.ru,Female,35.71.255.109
506,Ransom,Rosebotham,rrosebothame1@noaa.gov,Male,58.88.248.202
507,Everett,Ambrogiotti,eambrogiottie2@mayoclinic.com,Male,106.211.169.5
508,Gian,Capeloff,gcapeloffe3@last.fm,Male,201.253.216.100
509,Candace,Dallander,cdallandere4@hostgator.com,Female,117.199.38.27
510,Marla,Ameer-Beg,mameerbege5@amazon.com,Female,80.43.161.28
511,Brande,Ower,bowere6@so-net.ne.jp,Female,205.80.109.122
512,Ruthy,Stapforth,rstapforthe7@desdev.cn,Female,165.13.207.85
513,Dode,Pettinger,dpettingere8@yellowpages.com,Female,239.45.109.193
514,Bettine,Popple,bpopplee9@bravesites.com,Female,179.55.75.197
515,Mahalia,Bohey,mboheyea@businessinsider.com,Genderqueer,145.154.184.120
516,Obadias,Spraging,ospragingeb@infoseek.co.jp,Male,251.130.176.95
517,Avivah,Kemmish,akemmishec@marketwatch.com,Female,24.46.210.137
518,Jeannette,Spencley,jspencleyed@state.gov,Female,138.120.169.186
519,Kaia,Niset,knisetee@umich.edu,Female,86.32.145.60
520,Lynnette,Shannon,lshannonef@posterous.com,Female,95.110.230.245
521,Brucie,Naughton,bnaughtoneg@nyu.edu,Male,168.124.53.236
522,Katharyn,Bierman,kbiermaneh@dagondesign.com,Female,62.73.84.246
523,Nikolaus,Cheel,ncheelei@is.gd,Male,166.152.120.95
524,Jordain,Beeres,jbeeresej@bigcartel.com,Female,190.164.134.52
525,Cordie,Wilford,cwilfordek@java.com,Male,252.21.44.240
526,Valaria,Kissick,vkissickel@pinterest.com,Female,237.203.146.90
527,Birch,Shobbrook,bshobbrookem@ning.com,Male,73.239.250.238
528,Rene,Twittey,rtwitteyen@domainmarket.com,Male,67.80.74.204
529,Ferne,Eliot,felioteo@barnesandnoble.com,Female,45.203.204.129
530,Leyla,Avramovitz,lavramovitzep@e-recht24.de,Female,157.30.105.5
531,Cari,Kanwell,ckanwelleq@booking.com,Female,135.91.165.126
532,Edy,Nuschke,enuschkeer@ihg.com,Female,129.16.240.155
533,Kakalina,Thatcher,kthatcheres@networkadvertising.org,Non-binary,2.52.134.195
534,Dallon,McCosh,dmccoshet@ucoz.com,Male,25.75.149.254
535,Tasia,Hedan,thedaneu@wufoo.com,Female,48.150.146.207
536,Jerald,Camolli,jcamolliev@google.ca,Male,133.80.215.33
537,Rosamund,Oxtaby,roxtabyew@1688.com,Female,26.97.139.206
538,Mildrid,Steadman,msteadmanex@cmu.edu,Female,222.17.21.98
539,Riobard,Farnin,rfarniney@people.com.cn,Male,55.38.171.165
540,Gino,Veldman,gveldmanez@paypal.com,Male,57.133.221.172
541,Ash,De Gregoli,adegregolif0@mapquest.com,Male,126.205.100.23
542,Griffy,Gleadhall,ggleadhallf1@cam.ac.uk,Male,94.184.253.31
543,Chance,Arno,carnof2@cbslocal.com,Male,35.147.55.178
544,Allsun,Pallesen,apallesenf3@fc2.com,Female,125.207.155.214
545,L;urette,Daughton,ldaughtonf4@zdnet.com,Female,152.133.13.246
546,Betsy,Grinishin,bgrinishinf5@bloglines.com,Female,47.216.243.2
547,Tracy,Thraves,tthravesf6@purevolume.com,Male,236.100.172.50
548,Garreth,Prester,gpresterf7@google.co.jp,Male,41.77.35.220
549,Rhona,Domnick,rdomnickf8@artisteer.com,Female,74.63.61.210
550,Damara,Passe,dpassef9@sbwire.com,Female,207.253.9.244
551,Felita,Anstis,fanstisfa@epa.gov,Female,166.165.129.34
552,Jennie,Van Waadenburg,jvanwaadenburgfb@kickstarter.com,Female,2.234.179.36
553,Walliw,Aarons,waaronsfc@dyndns.org,Female,140.161.221.153
554,Emory,Laurenson,elaurensonfd@vk.com,Male,233.217.198.121
555,Allie,Milier,amilierfe@wikimedia.org,Male,173.174.5.182
556,Shepard,Oughtright,soughtrightff@apple.com,Male,123.176.67.205
557,Samaria,Sumbler,ssumblerfg@deliciousdays.com,Female,153.243.150.233
558,Lowrance,Kerwin,lkerwinfh@simplemachines.org,Male,119.89.43.227
559,Kiah,Rowlett,krowlettfi@facebook.com,Female,103.251.175.93
560,Almeda,Sant,asantfj@intel.com,Female,199.243.124.214
561,Tobye,Stockley,tstockleyfk@netvibes.com,Female,145.194.102.4
562,Hayward,Revie,hreviefl@irs.gov,Male,39.241.135.13
563,Tito,McCrann,tmccrannfm@foxnews.com,Male,138.238.97.191
564,Skell,Bert,sbertfn@ebay.com,Genderfluid,126.34.170.232
565,Coretta,Blinder,cblinderfo@nhs.uk,Agender,49.85.2.79
566,Leonelle,Sineath,lsineathfp@woothemes.com,Female,55.74.95.91
567,Patrick,Ivancevic,pivancevicfq@gravatar.com,Male,71.69.181.169
568,Shandra,Skepper,sskepperfr@irs.gov,Female,161.107.61.155
569,Laurella,Danihel,ldanihelfs@pinterest.com,Female,232.167.231.29
570,Birdie,Ropkes,bropkesft@craigslist.org,Female,59.38.190.224
571,Averell,Tilberry,atilberryfu@unblog.fr,Male,237.199.241.87
572,Roderich,Mountain,rmountainfv@wisc.edu,Male,212.114.167.51
573,Nadine,Yves,nyvesfw@issuu.com,Polygender,192.96.202.201
574,Derrick,Sacks,dsacksfx@uol.com.br,Male,124.195.26.144
575,Roley,Strick,rstrickfy@whitehouse.gov,Male,19.107.244.246
576,Sallee,Moorey,smooreyfz@bandcamp.com,Female,252.152.253.29
577,Davin,Rosenhaus,drosenhausg0@so-net.ne.jp,Male,186.123.92.192
578,Ofilia,Dimitriades,odimitriadesg1@bloglines.com,Female,210.170.222.57
579,Christi,Kinworthy,ckinworthyg2@reddit.com,Female,173.39.129.44
580,Carolyn,Jeggo,cjeggog3@comcast.net,Agender,129.121.69.106
581,Crin,Haldane,chaldaneg4@vkontakte.ru,Female,151.126.81.255
582,Hendrick,Mayor,hmayorg5@bbb.org,Genderfluid,198.226.102.37
583,Dal,Heelis,dheelisg6@dmoz.org,Male,199.143.148.148
584,Danella,Winkless,dwinklessg7@seattletimes.com,Female,170.35.111.113
585,Wendell,Forber,wforberg8@cnn.com,Male,70.215.52.2
586,Land,Grimley,lgrimleyg9@reuters.com,Male,200.211.252.65
587,Jess,Shevlan,jshevlanga@w3.org,Female,27.255.135.55
588,Ricki,Gaveltone,rgaveltonegb@youtube.com,Female,224.164.43.107
589,Wilma,Castagnone,wcastagnonegc@istockphoto.com,Female,42.129.40.34
590,Antoine,Coursor,acoursorgd@sitemeter.com,Male,241.246.20.53
591,Odo,Barus,obarusge@usatoday.com,Male,255.111.70.51
592,Herbert,Taye,htayegf@seesaa.net,Male,7.135.84.163
593,Clayborne,Hunt,chuntgg@nifty.com,Male,215.114.15.180
594,Modesty,Donnachie,mdonnachiegh@disqus.com,Agender,125.32.147.89
595,Leonidas,Giannoni,lgiannonigi@fotki.com,Male,228.132.7.237
596,Devan,Cornborough,dcornboroughgj@zimbio.com,Female,90.195.153.236
597,Ilysa,Mattys,imattysgk@drupal.org,Female,232.202.129.136
598,Marwin,Pidcock,mpidcockgl@cloudflare.com,Male,160.154.226.187
599,Carita,Atcherley,catcherleygm@nature.com,Female,179.192.82.135
600,Arabella,Matic,amaticgn@ucsd.edu,Female,253.120.179.228
601,Meghann,Davidou,mdavidougo@reverbnation.com,Female,210.33.190.250
602,Doy,Jakeway,djakewaygp@moonfruit.com,Male,82.134.123.181
603,Marten,Brachell,mbrachellgq@telegraph.co.uk,Agender,22.156.144.29
604,Faith,Drains,fdrainsgr@illinois.edu,Female,27.86.8.194
605,Simeon,Fullicks,sfullicksgs@flickr.com,Male,30.132.26.196
606,Taddeusz,Blazewski,tblazewskigt@state.tx.us,Male,197.156.35.111
607,Andrew,MacDonough,amacdonoughgu@cbsnews.com,Polygender,132.202.201.190
608,Courtney,Robard,crobardgv@addthis.com,Male,90.253.57.224
609,Solomon,Ivison,sivisongw@java.com,Male,206.36.30.13
610,Abel,Bonson,abonsongx@nifty.com,Male,17.35.154.5
611,Cindie,Alvaro,calvarogy@taobao.com,Female,198.95.5.142
612,Agneta,Rubenfeld,arubenfeldgz@amazon.com,Female,220.199.243.134
613,Delia,Semerad,dsemeradh0@yolasite.com,Female,220.76.131.153
614,Row,Joffe,rjoffeh1@sciencedirect.com,Female,36.49.119.140
615,Bruis,Critten,bcrittenh2@elegantthemes.com,Male,58.113.143.22
616,Leoine,Maus,lmaush3@joomla.org,Bigender,109.243.124.46
617,Thorn,Feldfisher,tfeldfisherh4@godaddy.com,Male,162.80.128.114
618,Dexter,Marton,dmartonh5@so-net.ne.jp,Male,83.110.210.146
619,Salomi,Cracker,scrackerh6@twitpic.com,Female,195.95.58.202
620,Lyssa,Eager,leagerh7@hhs.gov,Female,164.226.176.18
621,Branden,Alliban,ballibanh8@smh.com.au,Male,91.191.13.195
622,Obed,Millett,omilletth9@hatena.ne.jp,Male,210.182.57.196
623,Viki,Karpychev,vkarpychevha@google.fr,Female,146.38.22.111
624,Pernell,Springtorpe,pspringtorpehb@ehow.com,Male,219.212.111.158
625,Arlena,Covill,acovillhc@constantcontact.com,Female,211.150.243.192
626,Darill,Kidgell,dkidgellhd@ucoz.com,Male,21.116.232.122
627,Ced,Broke,cbrokehe@sohu.com,Male,116.85.110.10
628,Mildrid,Novello,mnovellohf@yellowpages.com,Female,72.21.187.163
629,Idelle,Hamflett,ihamfletthg@gravatar.com,Female,191.194.24.161
630,Christi,Lumly,clumlyhh@usnews.com,Female,71.50.149.234
631,Waldemar,Worswick,wworswickhi@nps.gov,Male,223.214.180.61
632,Mathilde,Hammonds,mhammondshj@loc.gov,Female,194.140.26.23
633,Pearline,Boays,pboayshk@sbwire.com,Female,156.247.255.157
634,Waldon,Haffner,whaffnerhl@reuters.com,Male,96.108.183.214
635,Roxine,Dodshun,rdodshunhm@alibaba.com,Female,155.204.112.187
636,Rodolph,Kienl,rkienlhn@photobucket.com,Male,162.64.106.133
637,Corri,Deverick,cdeverickho@npr.org,Female,59.117.132.228
638,Joete,Durden,jdurdenhp@si.edu,Female,78.159.70.38
639,Vania,Edmonston,vedmonstonhq@admin.ch,Female,155.141.124.4
640,Lind,Hawksworth,lhawksworthhr@theatlantic.com,Male,34.98.196.90
641,Rosy,Yushachkov,ryushachkovhs@java.com,Female,109.216.11.98
642,Ewan,Fordham,efordhamht@sbwire.com,Male,116.203.142.132
643,Vasilis,Mithun,vmithunhu@miitbeian.gov.cn,Male,134.249.114.100
644,Brina,Bretherton,bbrethertonhv@mayoclinic.com,Female,107.29.182.46
645,Derwin,Fedynski,dfedynskihw@pcworld.com,Male,149.96.229.63
646,Roxine,Nuttey,rnutteyhx@mozilla.com,Female,105.207.220.184
647,Issi,Enever,ieneverhy@theglobeandmail.com,Female,110.51.193.253
648,Katy,Casin,kcasinhz@biglobe.ne.jp,Female,241.12.203.243
649,Clemence,Craine,ccrainei0@xrea.com,Female,182.212.232.183
650,Anabelle,Quodling,aquodlingi1@fotki.com,Female,5.76.7.72
651,Karlis,Filippo,kfilippoi2@linkedin.com,Male,49.168.231.92
652,Willis,Ordemann,wordemanni3@npr.org,Male,97.121.38.189
653,Valenka,Ancliff,vancliffi4@yelp.com,Female,207.51.232.85
654,Sheelagh,Malarkey,smalarkeyi5@independent.co.uk,Female,26.63.122.45
655,Harmony,Dyett,hdyetti6@constantcontact.com,Female,169.145.218.113
656,Katinka,Lashford,klashfordi7@npr.org,Female,139.32.200.222
657,Guthry,Caughtry,gcaughtryi8@theglobeandmail.com,Male,125.242.139.198
658,Johan,Pyburn,jpyburni9@umn.edu,Male,91.147.39.220
659,Leonore,Safhill,lsafhillia@princeton.edu,Female,52.8.15.248
660,Dell,Thatcham,dthatchamib@arizona.edu,Male,33.39.99.229
661,Bird,Debill,bdebillic@tamu.edu,Female,224.123.30.250
662,Amble,Duffield,aduffieldid@cnn.com,Male,193.66.47.163
663,Lanie,Matasov,lmatasovie@github.io,Male,229.15.64.127
664,Dane,Brummitt,dbrummittif@latimes.com,Male,113.190.86.230
665,Addy,Hasker,ahaskerig@lycos.com,Female,47.237.7.218
666,Gerome,Rutland,grutlandih@soup.io,Male,59.252.110.146
667,Gusty,Lampe,glampeii@zimbio.com,Genderfluid,93.224.150.197
668,Josie,Knott,jknottij@scientificamerican.com,Female,160.105.101.22
669,Fons,Sneesby,fsneesbyik@accuweather.com,Male,201.201.213.84
670,Ferne,Roz,frozil@bloglovin.com,Female,49.38.202.250
671,Latrina,Gascard,lgascardim@wiley.com,Genderqueer,167.158.35.146
672,Mikol,Bagnall,mbagnallin@163.com,Male,222.249.176.39
673,Kev,Elland,kellandio@skyrock.com,Male,29.126.219.109
674,Loretta,Grigoryov,lgrigoryovip@lycos.com,Female,17.167.14.102
675,Modestine,Vergo,mvergoiq@ca.gov,Female,113.23.195.8
676,Teresina,O'Scollain,toscollainir@cbc.ca,Female,83.24.205.136
677,Marve,Musico,mmusicois@nytimes.com,Male,35.84.165.212
678,Stillman,Pawden,spawdenit@dailymail.co.uk,Male,84.89.57.111
679,Lynn,Glayzer,lglayzeriu@wiley.com,Male,159.77.163.45
680,Alexis,Newbatt,anewbattiv@vistaprint.com,Male,220.86.60.217
681,Trina,McInnery,tmcinneryiw@hibu.com,Female,160.232.74.12
682,Neill,des Remedios,ndesremediosix@tinypic.com,Male,0.47.138.153
683,Alis,Hardistry,ahardistryiy@oracle.com,Genderfluid,165.139.185.100
684,Catherin,Coveny,ccovenyiz@prnewswire.com,Female,213.38.176.131
685,Angelica,Ost,aostj0@wufoo.com,Female,48.72.250.151
686,Boycie,Biesty,bbiestyj1@ifeng.com,Male,98.16.43.170
687,Miquela,Canadas,mcanadasj2@yandex.ru,Female,191.158.14.69
688,Holmes,McArt,hmcartj3@cbsnews.com,Male,171.87.193.64
689,Kanya,Decroix,kdecroixj4@smugmug.com,Female,254.105.122.231
690,Hillie,McLeary,hmclearyj5@newsvine.com,Male,64.74.67.59
691,Dare,Huke,dhukej6@baidu.com,Male,49.4.143.142
692,Kerby,Bothams,kbothamsj7@hexun.com,Male,30.220.244.169
693,Nataniel,Hattam,nhattamj8@kickstarter.com,Male,190.38.191.143
694,Burtie,Gutcher,bgutcherj9@livejournal.com,Male,78.144.122.248
695,Marthe,Dolling,mdollingja@aol.com,Female,46.200.81.28
696,Claribel,Hollow,chollowjb@narod.ru,Female,101.24.100.157
697,Jose,Horder,jhorderjc@cafepress.com,Male,187.158.213.159
698,Gabe,Busson,gbussonjd@timesonline.co.uk,Male,104.175.0.113
699,Jacenta,Pakeman,jpakemanje@360.cn,Female,255.165.44.16
700,Van,Paish,vpaishjf@walmart.com,Male,28.10.34.16
701,Gianni,Scantlebury,gscantleburyjg@state.gov,Male,128.46.187.83
702,Artemas,Fandrich,afandrichjh@quantcast.com,Male,27.195.62.205
703,Elmo,Gourley,egourleyji@hud.gov,Male,117.137.159.216
704,Lyon,Bremley,lbremleyjj@1und1.de,Male,193.99.205.248
705,Durante,Ahearne,dahearnejk@newsvine.com,Male,228.111.30.112
706,Verna,Feedome,vfeedomejl@newyorker.com,Female,129.215.123.181
707,Josie,Lay,jlayjm@nifty.com,Polygender,8.107.59.144
708,Debee,Dunsmore,ddunsmorejn@mit.edu,Polygender,12.235.173.252
709,Noell,Fennelow,nfennelowjo@howstuffworks.com,Female,132.80.220.185
710,Dell,Badwick,dbadwickjp@businessweek.com,Male,75.195.171.22
711,Taber,Mardlin,tmardlinjq@smugmug.com,Male,98.176.105.162
712,Elwood,Caygill,ecaygilljr@cmu.edu,Male,110.142.255.118
713,Henrik,d'Arcy,hdarcyjs@bbb.org,Male,167.142.221.127
714,Gilemette,Houseley,ghouseleyjt@geocities.jp,Female,50.71.176.62
715,Danika,Uff,duffju@washingtonpost.com,Female,130.122.172.97
716,Marjory,Swanton,mswantonjv@ustream.tv,Female,9.79.65.115
717,Janela,Charge,jchargejw@domainmarket.com,Agender,122.49.115.0
718,Dennie,Rogge,droggejx@ovh.net,Female,4.122.196.212
719,Ania,Dayton,adaytonjy@cbc.ca,Female,164.189.101.85
720,Regen,Heindl,rheindljz@github.com,Polygender,74.52.121.180
721,Dilan,Powe,dpowek0@blogtalkradio.com,Male,145.30.72.170
722,Allsun,Drance,adrancek1@virginia.edu,Female,8.167.14.249
723,Guthrey,Lidgate,glidgatek2@1688.com,Male,115.31.242.69
724,Juanita,Garahan,jgarahank3@skype.com,Genderqueer,153.111.110.120
725,Dody,Laverick,dlaverickk4@desdev.cn,Female,156.39.7.240
726,Edouard,Syseland,esyselandk5@answers.com,Male,202.207.152.30
727,Dew,Crawford,dcrawfordk6@amazon.com,Agender,155.10.189.170
728,Skylar,Emby,sembyk7@i2i.jp,Male,177.103.87.3
729,Sadella,Jedrychowski,sjedrychowskik8@discuz.net,Female,159.108.64.41
730,Lezley,Sains,lsainsk9@blogger.com,Male,13.44.60.115
731,Dannie,Langsdon,dlangsdonka@paginegialle.it,Male,253.131.71.84
732,Joshia,Steinhammer,jsteinhammerkb@businesswire.com,Male,244.169.71.168
733,Kiele,MacKaile,kmackailekc@epa.gov,Genderfluid,50.119.230.47
734,Devon,Clere,dclerekd@eepurl.com,Female,37.207.163.59
735,Auberon,Creffeild,acreffeildke@sfgate.com,Male,197.148.18.252
736,Murdoch,Biford,mbifordkf@people.com.cn,Male,117.24.94.165
737,Carlen,Pizey,cpizeykg@thetimes.co.uk,Female,84.145.159.115
738,Felike,MacCleay,fmaccleaykh@geocities.jp,Male,21.157.5.227
739,Web,Rosenblad,wrosenbladki@xrea.com,Male,248.131.232.224
740,Stanley,Paulot,spaulotkj@archive.org,Male,8.178.135.183
741,Rebekkah,Brotherheed,rbrotherheedkk@smugmug.com,Female,16.130.178.68
742,Shanna,Tate,statekl@webnode.com,Female,66.1.240.185
743,Sarette,Blaw,sblawkm@lulu.com,Female,135.231.49.105
744,Vail,Messenger,vmessengerkn@noaa.gov,Male,103.91.233.253
745,Carlynn,Vautrey,cvautreyko@amazon.de,Agender,194.203.38.111
746,Karlik,Ousbie,kousbiekp@spiegel.de,Male,57.165.95.245
747,Bronny,Leahair,bleahairkq@hao123.com,Genderfluid,23.182.92.82
748,Maynord,Martine,mmartinekr@cisco.com,Male,251.11.111.181
749,Marci,Terrazzo,mterrazzoks@weibo.com,Female,104.234.75.194
750,Annecorinne,Spinnace,aspinnacekt@wp.com,Female,197.225.35.96
751,Rozele,Cockrill,rcockrillku@csmonitor.com,Female,100.73.251.241
752,Susan,McLeod,smcleodkv@bloomberg.com,Genderfluid,151.62.81.110
753,Leonidas,Lorkins,llorkinskw@artisteer.com,Male,209.178.109.56
754,Avery,Mation,amationkx@harvard.edu,Male,205.29.42.143
755,Vanny,Innett,vinnettky@shareasale.com,Female,190.185.210.211
756,Diahann,Daltrey,ddaltreykz@ucoz.ru,Non-binary,252.114.243.111
757,Dannel,Lurriman,dlurrimanl0@wp.com,Male,163.236.46.135
758,Koenraad,Alenshev,kalenshevl1@posterous.com,Male,176.101.125.34
759,Hoyt,Leach,hleachl2@opera.com,Male,26.160.8.82
760,Richart,Collaton,rcollatonl3@digg.com,Male,197.242.19.219
761,Gabrielle,Bissill,gbissilll4@is.gd,Genderfluid,80.155.229.246
762,Adrian,Playfoot,aplayfootl5@sohu.com,Male,124.104.5.205
763,Jocelyne,Jessard,jjessardl6@statcounter.com,Female,254.57.137.184
764,Madison,Phillins,mphillinsl7@ehow.com,Male,193.92.189.173
765,Yehudi,Rofe,yrofel8@php.net,Male,100.75.160.105
766,Corena,Edwards,cedwardsl9@miibeian.gov.cn,Female,192.85.82.113
767,Sammy,Caghan,scaghanla@yandex.ru,Female,45.94.40.77
768,Latrena,Wilshaw,lwilshawlb@google.ca,Female,115.151.71.225
769,Selie,Fadden,sfaddenlc@weibo.com,Female,22.5.156.17
770,Loralyn,Stanlake,lstanlakeld@cargocollective.com,Female,131.126.7.169
771,Kristi,Wesley,kwesleyle@phpbb.com,Female,133.110.13.51
772,Temple,Simo,tsimolf@furl.net,Male,132.205.47.240
773,Aurlie,Poe,apoelg@forbes.com,Female,231.27.227.213
774,Rodney,Ronca,rroncalh@vk.com,Male,18.182.106.240
775,Ashleigh,Duggan,adugganli@stanford.edu,Female,210.44.205.35
776,Ashby,Philpin,aphilpinlj@gnu.org,Male,187.60.246.113
777,Heidi,Nesfield,hnesfieldlk@zdnet.com,Female,22.55.226.198
778,Durant,Egiloff,degiloffll@istockphoto.com,Male,46.74.156.19
779,Farrel,Tatlow,ftatlowlm@hhs.gov,Male,198.159.73.65
780,Laurena,Blakes,lblakesln@amazon.com,Female,97.184.34.127
781,Prince,Leebeter,pleebeterlo@cyberchimps.com,Male,2.21.88.219
782,Bond,Melia,bmelialp@ask.com,Male,217.177.69.62
783,Aimil,Voce,avocelq@google.nl,Female,11.74.25.207
784,Rozina,Windle,rwindlelr@bravesites.com,Female,10.226.179.230
785,Amandi,Grinaway,agrinawayls@ox.ac.uk,Female,153.43.60.101
786,Collen,Redgate,credgatelt@msn.com,Female,44.62.163.94
787,Jeri,Finnigan,jfinniganlu@va.gov,Female,134.218.1.67
788,Johann,Beche,jbechelv@thetimes.co.uk,Male,34.90.147.186
789,Caesar,O' Liddy,coliddylw@japanpost.jp,Male,203.8.43.164
790,Myron,Pollastro,mpollastrolx@china.com.cn,Male,164.200.4.255
791,Albrecht,Pagram,apagramly@gizmodo.com,Male,210.49.72.245
792,Dale,Sweeny,dsweenylz@ehow.com,Female,66.1.196.162
793,Linea,Duran,lduranm0@wisc.edu,Female,16.3.66.232
794,Selina,Blowne,sblownem1@va.gov,Female,192.19.121.147
795,Godfree,Gurney,ggurneym2@hubpages.com,Male,65.62.97.25
796,Missie,Kunat,mkunatm3@ftc.gov,Female,172.111.108.245
797,Ainslie,Dagless,adaglessm4@forbes.com,Agender,206.92.40.244
798,Culley,Thickens,cthickensm5@businessinsider.com,Male,176.7.49.227
799,Saidee,Dubble,sdubblem6@goo.ne.jp,Female,116.39.227.202
800,Talbot,St. Aubyn,tstaubynm7@wiley.com,Male,236.163.99.13
801,Blair,Denkel,bdenkelm8@ask.com,Female,203.34.34.63
802,Franchot,Pilkinton,fpilkintonm9@eepurl.com,Male,111.245.217.211
803,Ailbert,Jewson,ajewsonma@bbc.co.uk,Male,30.220.134.69
804,Pascale,Rosier,prosiermb@guardian.co.uk,Male,30.127.9.168
805,Trumann,Ramsdale,tramsdalemc@prnewswire.com,Agender,95.87.253.161
806,Kathy,Kepp,kkeppmd@economist.com,Female,249.5.239.192
807,Pat,Rate,prateme@sohu.com,Female,246.47.205.111
808,Zoe,Tortoishell,ztortoishellmf@ed.gov,Female,3.212.74.84
809,Frans,Goldthorp,fgoldthorpmg@patch.com,Male,225.124.86.126
810,Pietrek,Regardsoe,pregardsoemh@elegantthemes.com,Male,44.70.160.219
811,Amelie,Muffitt,amuffittmi@admin.ch,Female,69.106.131.202
812,Neala,Coule,ncoulemj@imageshack.us,Female,189.19.113.219
813,Rena,Count,rcountmk@e-recht24.de,Female,199.22.61.151
814,Tonie,Huison,thuisonml@archive.org,Female,146.65.74.225
815,Chevalier,Bruniges,cbrunigesmm@goodreads.com,Male,124.192.67.31
816,Nealson,Burnhill,nburnhillmn@github.io,Male,137.29.242.158
817,Hoyt,Sizland,hsizlandmo@archive.org,Genderfluid,11.43.0.108
818,Fidelity,Alabastar,falabastarmp@ihg.com,Female,137.65.184.81
819,Correy,Thiem,cthiemmq@e-recht24.de,Male,173.113.61.128
820,Teddy,Rawdales,trawdalesmr@delicious.com,Female,14.181.193.141
821,Abbott,Kunes,akunesms@ovh.net,Agender,146.33.188.144
822,Kit,Johannes,kjohannesmt@blogs.com,Male,101.87.158.30
823,Darren,Sentinella,dsentinellamu@simplemachines.org,Male,81.65.108.100
824,Stephanie,Duligall,sduligallmv@ebay.com,Bigender,230.211.231.213
825,Robinetta,Blueman,rbluemanmw@storify.com,Female,190.11.220.4
826,Allan,Osmund,aosmundmx@sohu.com,Male,158.137.176.67
827,Brigit,Le Galle,blegallemy@ed.gov,Female,250.81.236.93
828,Andrus,Crumbie,acrumbiemz@dell.com,Male,156.18.47.93
829,Dorris,Farthin,dfarthinn0@tinyurl.com,Female,114.116.239.77
830,Russ,Thomel,rthomeln1@tinypic.com,Male,122.171.125.107
831,Alyss,Woodroffe,awoodroffen2@ifeng.com,Polygender,107.80.59.26
832,Farr,De la Yglesia,fdelayglesian3@instagram.com,Male,142.116.80.170
833,Lyndell,Golagley,lgolagleyn4@bloglines.com,Female,55.184.23.18
834,Auroora,Keogh,akeoghn5@ocn.ne.jp,Female,122.150.98.183
835,Myron,Jasik,mjasikn6@theguardian.com,Male,216.84.41.134
836,Brit,Goodison,bgoodisonn7@berkeley.edu,Female,181.5.228.85
837,Matthieu,McMakin,mmcmakinn8@amazonaws.com,Male,72.39.252.194
838,Jaclin,Andrault,jandraultn9@blogs.com,Female,3.116.178.214
839,Devina,Vickress,dvickressna@statcounter.com,Bigender,148.255.195.64
840,Winifield,Dine-Hart,wdinehartnb@jalbum.net,Male,3.167.70.19
841,Jayne,Arndt,jarndtnc@hc360.com,Female,128.89.113.217
842,Paolo,Strond,pstrondnd@baidu.com,Male,11.84.77.191
843,Portie,Androli,pandroline@squarespace.com,Male,165.199.143.227
844,Benedetta,Enefer,benefernf@ted.com,Female,198.222.68.27
845,Gwen,Tieman,gtiemanng@webmd.com,Female,242.59.93.35
846,Petronille,Ropcke,propckenh@gmpg.org,Female,148.116.169.43
847,Wade,Schild,wschildni@gmpg.org,Male,240.168.230.54
848,Parnell,Giles,pgilesnj@over-blog.com,Male,228.144.144.90
849,Raddie,Donke,rdonkenk@i2i.jp,Male,137.197.80.137
850,Hubey,Allerton,hallertonnl@mtv.com,Male,129.190.117.240
851,Bethany,Einchcombe,beinchcombenm@mac.com,Female,84.81.232.181
852,Inesita,Chipp,ichippnn@businessinsider.com,Female,116.178.206.114
853,Corbett,Meedendorpe,cmeedendorpeno@newsvine.com,Agender,12.17.246.28
854,Paloma,Monnoyer,pmonnoyernp@ca.gov,Female,81.220.163.71
855,Carlyle,Ovell,covellnq@php.net,Male,54.76.237.113
856,Hill,Guerri,hguerrinr@scribd.com,Male,194.223.52.63
857,Tristam,Berisford,tberisfordns@admin.ch,Male,124.46.177.194
858,Darcey,Hedman,dhedmannt@engadget.com,Female,121.255.253.29
859,Eleonora,Washington,ewashingtonnu@over-blog.com,Female,128.195.105.182
860,Dorena,Leeves,dleevesnv@mozilla.org,Female,241.136.164.114
861,Shermie,Widdows,swiddowsnw@telegraph.co.uk,Male,154.242.214.148
862,Dud,Keys,dkeysnx@addtoany.com,Male,240.194.196.230
863,Romonda,Scinelli,rscinelliny@gravatar.com,Female,141.204.60.61
864,Mildrid,Sturr,msturrnz@google.com.br,Female,50.57.255.23
865,Leonerd,Enevold,lenevoldo0@howstuffworks.com,Male,56.27.104.52
866,Jae,McGuinness,jmcguinnesso1@umich.edu,Male,92.200.72.157
867,Misha,Magner,mmagnero2@theguardian.com,Female,242.114.225.20
868,Marje,Brinsden,mbrinsdeno3@wufoo.com,Female,72.104.5.180
869,Gusty,Lamperti,glampertio4@miitbeian.gov.cn,Genderqueer,169.255.103.13
870,Willdon,Silberschatz,wsilberschatzo5@jiathis.com,Male,125.87.192.64
871,Tannie,Noen,tnoeno6@last.fm,Male,43.48.221.137
872,Gradey,Stopp,gstoppo7@globo.com,Male,143.74.10.124
873,Joletta,Spain-Gower,jspaingowero8@goo.ne.jp,Female,150.130.72.21
874,Marylin,Brumbye,mbrumbyeo9@nba.com,Female,241.107.174.23
875,Ivette,Dalliwater,idalliwateroa@bandcamp.com,Genderqueer,69.174.204.219
876,Alasteir,Holstein,aholsteinob@typepad.com,Male,60.131.205.227
877,Salvidor,Zanotti,szanottioc@github.io,Male,103.83.83.111
878,Balduin,Chimes,bchimesod@businesswire.com,Male,23.38.77.248
879,Carmencita,Brendish,cbrendishoe@ucla.edu,Female,161.91.144.214
880,Lukas,Bootton,lboottonof@usda.gov,Male,127.203.43.48
881,Thorny,Lavies,tlaviesog@baidu.com,Polygender,251.160.163.94
882,Mohandas,Hall,mhalloh@home.pl,Male,150.194.183.162
883,Jeniffer,Skeen,jskeenoi@mtv.com,Female,141.212.216.47
884,Babbette,Osborn,bosbornoj@va.gov,Female,71.245.237.248
885,Ashli,Ismail,aismailok@amazon.co.jp,Female,155.26.207.50
886,Sayre,MacLeese,smacleeseol@flickr.com,Bigender,96.158.1.117
887,Raina,Vogel,rvogelom@chron.com,Female,243.66.139.44
888,Regina,Pendreigh,rpendreighon@usa.gov,Female,35.33.37.246
889,Joannes,Lewisham,jlewishamoo@jugem.jp,Female,52.123.224.42
890,Emerson,Bruinsma,ebruinsmaop@ustream.tv,Male,199.182.222.13
891,Janka,Mattiello,jmattiellooq@freewebs.com,Female,210.220.250.236
892,Dredi,Beveridge,dbeveridgeor@amazon.co.uk,Female,56.108.99.17
893,Adelaide,Bradder,abradderos@yahoo.co.jp,Genderqueer,73.243.191.121
894,Eddie,O'Finan,eofinanot@rambler.ru,Female,89.165.250.105
895,Mandel,Huelin,mhuelinou@ow.ly,Male,251.65.6.225
896,Catharina,O' Gara,cogaraov@alibaba.com,Genderfluid,248.91.161.99
897,Kit,Valek,kvalekow@amazonaws.com,Genderfluid,50.4.223.183
898,Gale,Lippett,glippettox@berkeley.edu,Male,111.238.225.230
899,Martyn,Warlock,mwarlockoy@dailymotion.com,Male,197.146.109.201
900,Rosalyn,Owens,rowensoz@home.pl,Female,118.30.227.121
901,Nikolia,Christophers,nchristophersp0@soundcloud.com,Female,226.68.1.130
902,Gloria,Fishbourne,gfishbournep1@cornell.edu,Genderqueer,86.0.189.54
903,Wiatt,Ludlem,wludlemp2@mit.edu,Male,61.196.176.167
904,Christopher,Garford,cgarfordp3@admin.ch,Male,157.158.227.148
905,Chad,Banbrigge,cbanbriggep4@opensource.org,Female,104.132.83.188
906,Oswald,Pinnion,opinnionp5@liveinternet.ru,Male,197.182.61.162
907,Bianca,Boland,bbolandp6@techcrunch.com,Female,74.19.48.72
908,Vittorio,Tyas,vtyasp7@homestead.com,Male,47.199.130.246
909,Nathalie,Asple,nasplep8@360.cn,Female,60.136.204.129
910,Evvy,Marshland,emarshlandp9@purevolume.com,Female,47.182.51.42
911,Gayleen,Cutford,gcutfordpa@mashable.com,Female,180.35.166.26
912,Gunter,Filipczak,gfilipczakpb@cocolog-nifty.com,Male,122.233.142.100
913,Cassey,Chisnell,cchisnellpc@seesaa.net,Agender,91.255.232.104
914,Vonny,Popplestone,vpopplestonepd@icio.us,Female,6.130.109.79
915,Camilla,Beldam,cbeldampe@forbes.com,Female,26.14.138.221
916,Laetitia,Esh,leshpf@wiley.com,Female,214.24.229.240
917,Angelico,Berggren,aberggrenpg@yellowbook.com,Male,207.180.21.70
918,Enrica,Senton,esentonph@gmpg.org,Female,163.90.122.85
919,Valentia,Billing,vbillingpi@wufoo.com,Female,52.234.229.83
920,Gabriel,Shee,gsheepj@salon.com,Female,104.240.213.208
921,Polly,Flaherty,pflahertypk@oracle.com,Female,252.93.87.58
922,Eleanora,Miche,emichepl@hao123.com,Female,75.0.116.131
923,Kile,Marrion,kmarrionpm@nbcnews.com,Male,114.134.218.239
924,Loy,Fessions,lfessionspn@vk.com,Male,68.3.227.115
925,Courtnay,Stranahan,cstranahanpo@ehow.com,Genderqueer,58.207.86.22
926,Rriocard,Leates,rleatespp@a8.net,Male,148.47.228.221
927,Tarrance,Glisenan,tglisenanpq@woothemes.com,Non-binary,72.150.158.3
928,Laverna,Ventam,lventampr@go.com,Female,78.95.236.225
929,Giulietta,Dorsey,gdorseyps@last.fm,Female,71.113.175.237
930,Anton,Itzak,aitzakpt@51.la,Male,109.193.67.159
931,Alleyn,Getten,agettenpu@clickbank.net,Male,152.131.97.155
932,Clarissa,Purshouse,cpurshousepv@indiegogo.com,Female,92.88.174.176
933,Liesa,Scutter,lscutterpw@indiegogo.com,Female,175.175.114.123
934,Vyky,Boutell,vboutellpx@europa.eu,Female,173.106.27.94
935,Lorettalorna,Woodrow,lwoodrowpy@phpbb.com,Non-binary,222.101.222.241
936,Henrie,Loney,hloneypz@mlb.com,Female,87.175.209.216
937,Brunhilda,Jeacop,bjeacopq0@ameblo.jp,Female,10.82.169.96
938,Serena,Sim,ssimq1@hubpages.com,Genderfluid,16.216.67.44
939,Gabriel,Coolican,gcoolicanq2@4shared.com,Female,95.151.69.248
940,Lane,Purslow,lpurslowq3@wisc.edu,Male,117.196.113.106
941,Juliana,Calverd,jcalverdq4@youtube.com,Female,145.208.158.14
942,Elle,Blasgen,eblasgenq5@netscape.com,Female,136.212.67.96
943,Devin,Plesing,dplesingq6@cargocollective.com,Female,198.161.231.219
944,Ashbey,Walthew,awalthewq7@epa.gov,Male,153.124.215.53
945,Frederik,Emlyn,femlynq8@cocolog-nifty.com,Genderqueer,5.104.17.26
946,Gregory,Russam,grussamq9@shutterfly.com,Male,57.56.134.40
947,Carly,McCracken,cmccrackenqa@fda.gov,Male,194.23.33.78
948,Wendall,Besque,wbesqueqb@woothemes.com,Bigender,248.7.142.170
949,Alwyn,Samet,asametqc@upenn.edu,Male,55.168.165.175
950,Huntlee,Cuphus,hcuphusqd@buzzfeed.com,Male,195.41.202.98
951,Clem,Wiffill,cwiffillqe@earthlink.net,Male,224.155.6.12
952,Elia,Hearnshaw,ehearnshawqf@technorati.com,Male,154.137.59.138
953,Ryan,Fareweather,rfareweatherqg@google.com.hk,Male,157.80.186.177
954,Clevey,Croll,ccrollqh@dropbox.com,Genderfluid,180.118.19.174
955,Washington,Hutchason,whutchasonqi@t-online.de,Male,16.102.1.84
956,Marylee,Axtell,maxtellqj@ucoz.ru,Female,114.213.81.163
957,Marsha,Jeaneau,mjeaneauqk@google.com.br,Female,73.252.101.209
958,Brita,Powrie,bpowrieql@ycombinator.com,Female,23.80.201.127
959,Anne-marie,Syms,asymsqm@gizmodo.com,Female,197.25.166.225
960,Paten,Minker,pminkerqn@businessinsider.com,Male,177.193.56.199
961,Hewie,Minihan,hminihanqo@ucoz.ru,Male,48.163.168.108
962,Godfrey,Lampl,glamplqp@google.ca,Male,143.30.237.23
963,Red,Lanmeid,rlanmeidqq@ocn.ne.jp,Male,217.167.168.123
964,Sapphire,Lernihan,slernihanqr@ehow.com,Female,25.168.100.12
965,Binny,Buesden,bbuesdenqs@rakuten.co.jp,Female,250.48.92.111
966,Ingaborg,Mamwell,imamwellqt@myspace.com,Female,199.49.127.142
967,Evelyn,Argabrite,eargabritequ@wiley.com,Female,163.88.128.82
968,Klement,Craw,kcrawqv@globo.com,Male,163.54.83.255
969,Rhianon,Sleaford,rsleafordqw@stumbleupon.com,Female,44.33.205.158
970,Devin,Andrys,dandrysqx@fema.gov,Male,115.92.107.5
971,Amalee,Ruller,arullerqy@cargocollective.com,Non-binary,35.11.233.146
972,Clemmie,Cluatt,ccluattqz@webs.com,Non-binary,166.27.28.182
973,Emelia,Gobel,egobelr0@networksolutions.com,Female,14.43.46.52
974,Ruddie,Poad,rpoadr1@ft.com,Male,131.164.40.67
975,Ignacio,Westmarland,iwestmarlandr2@bigcartel.com,Male,156.167.28.194
976,Lenna,Stollman,lstollmanr3@cafepress.com,Female,19.198.66.9
977,Jose,Millership,jmillershipr4@discuz.net,Male,111.97.6.190
978,Jere,Bierling,jbierlingr5@kickstarter.com,Male,173.123.176.42
979,Tonnie,Escott,tescottr6@wisc.edu,Polygender,27.221.71.143
980,Farly,Lehrmann,flehrmannr7@cnn.com,Male,223.184.83.100
981,Jody,Chotty,jchottyr8@theatlantic.com,Male,94.133.236.29
982,Fonsie,Lomas,flomasr9@japanpost.jp,Male,132.245.124.100
983,Herschel,Folbig,hfolbigra@businessinsider.com,Male,66.130.107.188
984,Haywood,Trice,htricerb@reverbnation.com,Male,188.231.206.213
985,Waite,Sander,wsanderrc@xing.com,Male,211.54.236.78
986,Benjie,Elvy,belvyrd@stumbleupon.com,Male,21.239.149.218
987,Alva,Simkovitz,asimkovitzre@cocolog-nifty.com,Male,128.255.68.62
988,Latrina,Cakebread,lcakebreadrf@microsoft.com,Female,120.140.242.7
989,Robers,Chapell,rchapellrg@about.com,Genderqueer,249.213.168.179
990,Willem,Jorin,wjorinrh@archive.org,Male,5.230.204.70
991,Kerwin,Ferencz,kferenczri@blogger.com,Male,26.68.160.219
992,Nanete,Blowfelde,nblowfelderj@e-recht24.de,Female,207.139.61.255
993,Saba,O'Logan,sologanrk@diigo.com,Genderfluid,7.224.239.3
994,Pattin,Bleasdille,pbleasdillerl@marriott.com,Male,72.209.45.239
995,Andrei,Leebetter,aleebetterrm@linkedin.com,Female,203.66.191.180
996,Alidia,Tompkins,atompkinsrn@constantcontact.com,Female,143.101.251.127
997,Em,Biasini,ebiasiniro@vk.com,Female,105.41.151.80
998,Avivah,Taillard,ataillardrp@pbs.org,Female,255.25.65.202
999,Arlana,Coalbran,acoalbranrq@microsoft.com,Agender,139.62.172.214
1000,Allie,Dowrey,adowreyrr@shop-pro.jp,Male,230.174.147.238
